tag,algo,instance,kind,seed,time_budget,M,D,total,bks_M,bks_D,bks_total,gap_pct,status,t_best,epochs,iters,params,file
ablwc_base,copts,Rdp112,WC,1,60.0,9,998.2225,18998.2225,9,997.264803,18997.264803,0.005,worse,32.63,43,12700,"{""stall_epochs"": 20, ""arc_rule"": ""safe"", ""nbr_compat"": true, ""restart_mode"": ""full"", ""rec_mode"": ""adaptive"", ""rec_patience"": 2}",Rdp112_copts_s1_20261004-111717_ablwc_base
ablwc_base,copts,Rdp112,WC,2,60.0,9,999.435,18999.435,9,997.264803,18997.264803,0.0114,worse,18.43,43,12700,"{""stall_epochs"": 20, ""arc_rule"": ""safe"", ""nbr_compat"": true, ""restart_mode"": ""full"", ""rec_mode"": ""adaptive"", ""rec_patience"": 2}",Rdp112_copts_s2_20261004-111817_ablwc_base
ablwc_base,copts,Rdp112,WC,3,60.0,9,999.4422,18999.4422,9,997.264803,18997.264803,0.0115,worse,46.81,43,12700,"{""stall_epochs"": 20, ""arc_rule"": ""safe"", ""nbr_compat"": true, ""restart_mode"": ""full"", ""rec_mode"": ""adaptive"", ""rec_patience"": 2}",Rdp112_copts_s3_20261004-111917_ablwc_base
ablwc_base,copts,Rdp112,WC,4,60.0,9,999.435,18999.435,9,997.264803,18997.264803,0.0114,worse,27.14,42,12600,"{""stall_epochs"": 20, ""arc_rule"": ""safe"", ""nbr_compat"": true, ""restart_mode"": ""full"", ""rec_mode"": ""adaptive"", ""rec_patience"": 2}",Rdp112_copts_s4_20261004-112017_ablwc_base
ablwc_base,copts,Rdp112,WC,5,60.0,9,999.435,18999.435,9,997.264803,18997.264803,0.0114,worse,40.02,42,12600,"{""stall_epochs"": 20, ""arc_rule"": ""safe"", ""nbr_compat"": true, ""restart_mode"": ""full"", ""rec_mode"": ""adaptive"", ""rec_patience"": 2}",Rdp112_copts_s5_20261004-112117_ablwc_base
ablwc_base,copts,Rdp203,WC,1,60.0,3,939.8843,6939.8843,3,939.50332,6939.50332,0.0055,worse,57.65,29,8450,"{""stall_epochs"": 20, ""arc_rule"": ""safe"", ""nbr_compat"": true, ""restart_mode"": ""full"", ""rec_mode"": ""adaptive"", ""rec_patience"": 2}",Rdp203_copts_s1_20261004-112218_ablwc_base
ablwc_base,copts,Rdp203,WC,2,60.0,3,939.5033,6939.5033,3,939.50332,6939.50332,-0.0,NEW_BEST,8.71,28,8250,"{""stall_epochs"": 20, ""arc_rule"": ""safe"", ""nbr_compat"": true, ""restart_mode"": ""full"", ""rec_mode"": ""adaptive"", ""rec_patience"": 2}",Rdp203_copts_s2_20261004-112318_ablwc_base
ablwc_base,copts,Rdp203,WC,3,60.0,3,939.581,6939.581,3,939.50332,6939.50332,0.0011,worse,53.27,29,8450,"{""stall_epochs"": 20, ""arc_rule"": ""safe"", ""nbr_compat"": true, ""restart_mode"": ""full"", ""rec_mode"": ""adaptive"", ""rec_patience"": 2}",Rdp203_copts_s3_20261004-112418_ablwc_base
ablwc_base,copts,Rdp203,WC,4,60.0,3,939.5033,6939.5033,3,939.50332,6939.50332,-0.0,NEW_BEST,40.59,28,8400,"{""stall_epochs"": 20, ""arc_rule"": ""safe"", ""nbr_compat"": true, ""restart_mode"": ""full"", ""rec_mode"": ""adaptive"", ""rec_patience"": 2}",Rdp203_copts_s4_20261004-112518_ablwc_base
ablwc_base,copts,Rdp203,WC,5,60.0,3,939.581,6939.581,3,939.50332,6939.50332,0.0011,worse,60.05,28,8400,"{""stall_epochs"": 20, ""arc_rule"": ""safe"", ""nbr_compat"": true, ""restart_mode"": ""full"", ""rec_mode"": ""adaptive"", ""rec_patience"": 2}",Rdp203_copts_s5_20261004-112618_ablwc_base
ablwc_base,copts,Rdp209,WC,1,60.0,3,909.1634,6909.1634,3,909.163356,6909.163356,0.0,TIE,23.58,34,10000,"{""stall_epochs"": 20, ""arc_rule"": ""safe"", ""nbr_compat"": true, ""restart_mode"": ""full"", ""rec_mode"": ""adaptive"", ""rec_patience"": 2}",Rdp209_copts_s1_20261004-112718_ablwc_base
ablwc_base,copts,Rdp209,WC,2,60.0,3,909.1634,6909.1634,3,909.163356,6909.163356,0.0,TIE,18.19,34,10000,"{""stall_epochs"": 20, ""arc_rule"": ""safe"", ""nbr_compat"": true, ""restart_mode"": ""full"", ""rec_mode"": ""adaptive"", ""rec_patience"": 2}",Rdp209_copts_s2_20261004-112819_ablwc_base
ablwc_base,copts,Rdp209,WC,3,60.0,3,909.1634,6909.1634,3,909.163356,6909.163356,0.0,TIE,38.05,34,10000,"{""stall_epochs"": 20, ""arc_rule"": ""safe"", ""nbr_compat"": true, ""restart_mode"": ""full"", ""rec_mode"": ""adaptive"", ""rec_patience"": 2}",Rdp209_copts_s3_20261004-112919_ablwc_base
ablwc_base,copts,Rdp209,WC,4,60.0,3,909.1634,6909.1634,3,909.163356,6909.163356,0.0,TIE,41.79,34,9950,"{""stall_epochs"": 20, ""arc_rule"": ""safe"", ""nbr_compat"": true, ""restart_mode"": ""full"", ""rec_mode"": ""adaptive"", ""rec_patience"": 2}",Rdp209_copts_s4_20261004-113019_ablwc_base
ablwc_base,copts,Rdp209,WC,5,60.0,3,909.1634,6909.1634,3,909.163356,6909.163356,0.0,TIE,9.16,34,9950,"{""stall_epochs"": 20, ""arc_rule"": ""safe"", ""nbr_compat"": true, ""restart_mode"": ""full"", ""rec_mode"": ""adaptive"", ""rec_patience"": 2}",Rdp209_copts_s5_20261004-113119_ablwc_base
ablwc_base,copts,Rdp211,WC,1,60.0,2,890.9343,4890.9343,2,885.71139,4885.71139,0.1069,worse,42.51,23,6800,"{""stall_epochs"": 20, ""arc_rule"": ""safe"", ""nbr_compat"": true, ""restart_mode"": ""full"", ""rec_mode"": ""adaptive"", ""rec_patience"": 2}",Rdp211_copts_s1_20261004-113219_ablwc_base
ablwc_base,copts,Rdp211,WC,2,60.0,2,899.9658,4899.9658,2,885.71139,4885.71139,0.2918,worse,60.33,23,6750,"{""stall_epochs"": 20, ""arc_rule"": ""safe"", ""nbr_compat"": true, ""restart_mode"": ""full"", ""rec_mode"": ""adaptive"", ""rec_patience"": 2}",Rdp211_copts_s2_20261004-113319_ablwc_base
ablwc_base,copts,Rdp211,WC,3,60.0,2,898.1501,4898.1501,2,885.71139,4885.71139,0.2546,worse,10.62,23,6800,"{""stall_epochs"": 20, ""arc_rule"": ""safe"", ""nbr_compat"": true, ""restart_mode"": ""full"", ""rec_mode"": ""adaptive"", ""rec_patience"": 2}",Rdp211_copts_s3_20261004-113420_ablwc_base
ablwc_base,copts,Rdp211,WC,4,60.0,2,892.9897,4892.9897,2,885.71139,4885.71139,0.149,worse,44.07,22,6500,"{""stall_epochs"": 20, ""arc_rule"": ""safe"", ""nbr_compat"": true, ""restart_mode"": ""full"", ""rec_mode"": ""adaptive"", ""rec_patience"": 2}",Rdp211_copts_s4_20261004-113520_ablwc_base
ablwc_base,copts,Rdp211,WC,5,60.0,2,893.1439,4893.1439,2,885.71139,4885.71139,0.1521,worse,16.13,22,6550,"{""stall_epochs"": 20, ""arc_rule"": ""safe"", ""nbr_compat"": true, ""restart_mode"": ""full"", ""rec_mode"": ""adaptive"", ""rec_patience"": 2}",Rdp211_copts_s5_20261004-113620_ablwc_base
ablwc_base,copts,RCdp107,WC,1,60.0,11,1252.7901,23252.7901,11,1252.790063,23252.790063,0.0,TIE,8.34,58,17250,"{""stall_epochs"": 20, ""arc_rule"": ""safe"", ""nbr_compat"": true, ""restart_mode"": ""full"", ""rec_mode"": ""adaptive"", ""rec_patience"": 2}",RCdp107_copts_s1_20261004-113720_ablwc_base
ablwc_base,copts,RCdp107,WC,2,60.0,11,1252.7901,23252.7901,11,1252.790063,23252.790063,0.0,TIE,9.45,58,17350,"{""stall_epochs"": 20, ""arc_rule"": ""safe"", ""nbr_compat"": true, ""restart_mode"": ""full"", ""rec_mode"": ""adaptive"", ""rec_patience"": 2}",RCdp107_copts_s2_20261004-113820_ablwc_base
ablwc_base,copts,RCdp107,WC,3,60.0,11,1255.0629,23255.0629,11,1252.790063,23252.790063,0.0098,worse,7.33,58,17350,"{""stall_epochs"": 20, ""arc_rule"": ""safe"", ""nbr_compat"": true, ""restart_mode"": ""full"", ""rec_mode"": ""adaptive"", ""rec_patience"": 2}",RCdp107_copts_s3_20261004-113920_ablwc_base
ablwc_base,copts,RCdp107,WC,4,60.0,11,1255.0629,23255.0629,11,1252.790063,23252.790063,0.0098,worse,13.66,58,17250,"{""stall_epochs"": 20, ""arc_rule"": ""safe"", ""nbr_compat"": true, ""restart_mode"": ""full"", ""rec_mode"": ""adaptive"", ""rec_patience"": 2}",RCdp107_copts_s4_20261004-114020_ablwc_base
ablwc_base,copts,RCdp107,WC,5,60.0,11,1255.0629,23255.0629,11,1252.790063,23252.790063,0.0098,worse,9.41,58,17250,"{""stall_epochs"": 20, ""arc_rule"": ""safe"", ""nbr_compat"": true, ""restart_mode"": ""full"", ""rec_mode"": ""adaptive"", ""rec_patience"": 2}",RCdp107_copts_s5_20261004-114121_ablwc_base
ablwc_base,copts,RCdp208,WC,1,60.0,3,828.1414,6828.1414,3,828.141442,6828.141442,-0.0,NEW_BEST,46.05,24,7050,"{""stall_epochs"": 20, ""arc_rule"": ""safe"", ""nbr_compat"": true, ""restart_mode"": ""full"", ""rec_mode"": ""adaptive"", ""rec_patience"": 2}",RCdp208_copts_s1_20261004-114221_ablwc_base
ablwc_base,copts,RCdp208,WC,2,60.0,3,828.7091,6828.7091,3,828.141442,6828.141442,0.0083,worse,20.48,24,7050,"{""stall_epochs"": 20, ""arc_rule"": ""safe"", ""nbr_compat"": true, ""restart_mode"": ""full"", ""rec_mode"": ""adaptive"", ""rec_patience"": 2}",RCdp208_copts_s2_20261004-114321_ablwc_base
ablwc_base,copts,RCdp208,WC,3,60.0,3,828.1414,6828.1414,3,828.141442,6828.141442,-0.0,NEW_BEST,22.93,24,7100,"{""stall_epochs"": 20, ""arc_rule"": ""safe"", ""nbr_compat"": true, ""restart_mode"": ""full"", ""rec_mode"": ""adaptive"", ""rec_patience"": 2}",RCdp208_copts_s3_20261004-114421_ablwc_base
ablwc_base,copts,RCdp208,WC,4,60.0,3,828.7091,6828.7091,3,828.141442,6828.141442,0.0083,worse,5.15,24,7050,"{""stall_epochs"": 20, ""arc_rule"": ""safe"", ""nbr_compat"": true, ""restart_mode"": ""full"", ""rec_mode"": ""adaptive"", ""rec_patience"": 2}",RCdp208_copts_s4_20261004-114521_ablwc_base
ablwc_base,copts,RCdp208,WC,5,60.0,3,828.1414,6828.1414,3,828.141442,6828.141442,-0.0,NEW_BEST,10.32,24,7050,"{""stall_epochs"": 20, ""arc_rule"": ""safe"", ""nbr_compat"": true, ""restart_mode"": ""full"", ""rec_mode"": ""adaptive"", ""rec_patience"": 2}",RCdp208_copts_s5_20261004-114622_ablwc_base
